ID,T_pred,Delay_Flag,Delay_Days,Unit Price,vendor_hist_volume,country_hist_delay_rate,Country,T_pred_quarter,vendor_hist_delay_median,Brand,weight_is_numeric,Fulfill Via,freight_is_numeric,Molecule/Test Type,vendor_hist_delay_rate,Manufacturing Site,First Line Designation,is_rdc_fulfillment,po_sent_is_date,Dosage Form,Forecast_Horizon_Days,PQ_to_PO_Days,T_pred_year,T_pred_month,Dosage,Unit of Measure (Per Pack),Shipment Mode,pq_first_sent_is_date,site_hist_delay_rate,country_hist_delay_median,Line Item Value,Product Group,Pack Price,is_pre_pq_process,Line Item Insurance (USD),Sub Classification,Scheduled_Transit_Days,T_pred_dayofweek,country_hist_volume,Vendor INCO Term,Vendor,Line Item Quantity
62168,2015-05-11,0,0,0.3784364357202451,181.0,0.10810810810810811,South Africa,2,0.0,Generic,0,Direct Drop,0,Tenofovir Disoproxil Fumarate,0.0,Mylan (formerly Matrix) Nashik,No,0,1,Tablet,1,242.0,2015,5,300mg,30,Truck,1,0.16157556270096463,0.0,3.7483269127573564,ARV,2.695977619867941,0,0.039220713153281295,Adult,1,0,1036.0,DDP,PHARMACY DIRECT,1.3862943611198906
59917,2015-05-11,0,0,0.06765864847381481,181.0,0.10810810810810811,South Africa,2,0.0,Generic,0,Direct Drop,0,Abacavir,0.0,"Aurobindo Unit III, India",No,0,1,Oral solution,1,242.0,2015,5,20mg/ml,240,Truck,1,0.18821379625399726,0.0,3.9913885608088866,ARV,2.9290581402859983,0,0.04879016416943201,Pediatric,1,0,1036.0,DDP,PHARMACY DIRECT,1.3862943611198906
19146,2015-05-11,0,0,0.26236426446749106,181.0,0.10810810810810811,South Africa,2,0.0,Generic,0,Direct Drop,0,Zidovudine,0.0,"Aurobindo Unit III, India",No,0,1,Tablet,1,242.0,2015,5,300mg,60,Truck,1,0.18821379625399726,0.0,5.295062073827364,ARV,2.946016681308058,0,0.18232155679395465,Adult,1,0,1036.0,DDP,PHARMACY DIRECT,2.4849066497880004
27430,2015-05-11,0,0,0.31481073984003355,181.0,0.10810810810810811,South Africa,2,0.0,Generic,0,Direct Drop,0,Didanosine,0.0,"Aurobindo Unit III, India",No,0,1,Delayed-release capsules,1,242.0,2015,5,250mg,30,Truck,1,0.18821379625399726,0.0,3.527830032595521,ARV,2.4865719291070616,0,0.0295588022415444,Adult,1,0,1036.0,DDP,PHARMACY DIRECT,1.3862943611198906
67666,2015-05-11,0,0,0.173953307123438,181.0,0.10810810810810811,South Africa,2,0.0,Generic,0,Direct Drop,0,Efavirenz,0.0,"Aurobindo Unit III, India",No,0,1,Capsule,1,242.0,2015,5,200mg,90,Truck,1,0.18821379625399726,0.0,5.325592008682918,ARV,2.8925915146344776,0,0.1906203596086497,Pediatric,1,0,1036.0,DDP,PHARMACY DIRECT,2.5649493574615367
15298,2015-05-11,0,0,0.3852624007906449,181.0,0.10810810810810811,South Africa,2,0.0,Generic,0,Direct Drop,0,Didanosine,0.0,"Aurobindo Unit III, India",No,0,1,Delayed-release capsules,1,242.0,2015,5,400mg,30,Truck,1,0.18821379625399726,0.0,4.610456190417329,ARV,2.7226103524335397,0,0.09531017980432487,Adult,1,0,1036.0,DDP,PHARMACY DIRECT,2.0794415416798357
60105,2015-05-11,0,0,0.5481214085096876,181.0,0.10810810810810811,South Africa,2,0.0,Generic,0,Direct Drop,0,Emtricitabine/Tenofovir Disoproxil Fumarate,0.0,"Aurobindo Unit III, India",No,0,1,Tablet - FDC,1,242.0,2015,5,200/300mg,30,Truck,1,0.18821379625399726,0.0,4.197051560414364,ARV,3.1280754605417043,0,0.06765864847381481,Adult,1,0,1036.0,DDP,PHARMACY DIRECT,1.3862943611198906
62603,2015-05-11,0,0,0.5822156198526637,181.0,0.10810810810810811,South Africa,2,0.0,Prezista,0,Direct Drop,0,Darunavir,0.0,"Janssen-Cilag, Latina, IT",No,0,1,Tablet,1,242.0,2015,5,600mg,60,Truck,1,0.0,0.0,3.873905683315018,ARV,3.873905683315018,0,0.04879016416943201,Adult,1,0,1036.0,DDP,PHARMACY DIRECT,0.6931471805599453
60816,2015-05-11,0,0,0.5822156198526637,181.0,0.10810810810810811,South Africa,2,0.0,Prezista,0,Direct Drop,0,Darunavir,0.0,"Janssen-Cilag, Latina, IT",No,0,1,Tablet,1,242.0,2015,5,600mg,60,Truck,1,0.0,0.0,4.958569771792903,ARV,3.873905683315018,0,0.13976194237515868,Adult,1,0,1036.0,DDP,PHARMACY DIRECT,1.3862943611198906
33190,2015-05-11,0,0,0.10436001532424277,181.0,0.10810810810810811,South Africa,2,0.0,Generic,0,Direct Drop,0,Lamivudine,0.0,"Aurobindo Unit III, India",No,0,1,Tablet,1,242.0,2015,5,150mg,60,Truck,1,0.18821379625399726,0.0,3.035914063186823,ARV,2.0294631718735947,0,0.019802627296179712,Adult,1,0,1036.0,DDP,PHARMACY DIRECT,1.3862943611198906
38955,2015-05-12,0,0,0.9555114450274363,319.0,0.16448152562574495,Nigeria,2,0.0,Uni-Gold,1,Direct Drop,1,"HIV 1/2, Uni-Gold HIV Kit",0.003134796238244514,"Trinity Biotech, Plc",Yes,0,1,Test kit,31,8.0,2015,5,,20,Air,1,0.0030864197530864196,-10.0,12.898021608514071,HRDT,3.4965075614664802,0,6.155367518377918,HIV test,31,1,839.0,EXW,"Trinity Biotech, Plc",9.43236329562169
64208,2015-05-13,0,0,0.2776317365982795,230.0,0.008064516129032258,Vietnam,2,0.0,Generic,0,Direct Drop,0,Efavirenz/Lamivudine/Tenofovir Disoproxil Fumarate,0.004347826086956522,Hetero Unit III Hyderabad IN,No,0,1,Tablet - FDC,113,29.0,2015,5,600/300/300mg,30,Air,1,0.15733333333333333,0.0,11.779074864459474,ARV,2.3513752571634776,0,5.0407764510082425,Adult,113,2,620.0,EXW,HETERO LABS LIMITED,9.527848201325206
55712,2015-05-13,0,0,0.2776317365982795,230.0,0.008064516129032258,Vietnam,2,0.0,Generic,0,Direct Drop,0,Efavirenz/Lamivudine/Tenofovir Disoproxil Fumarate,0.004347826086956522,Hetero Unit III Hyderabad IN,No,0,1,Tablet - FDC,113,29.0,2015,5,600/300/300mg,30,Air,1,0.15733333333333333,0.0,11.90324309374818,ARV,2.3513752571634776,0,5.1641572048611,Adult,113,2,620.0,EXW,HETERO LABS LIMITED,9.65200882504456
65033,2015-05-13,0,0,0.039220713153281295,230.0,0.008064516129032258,Vietnam,2,0.0,Generic,0,Direct Drop,0,Nevirapine,0.004347826086956522,Hetero Unit III Hyderabad IN,No,0,1,Tablet,117,29.0,2015,5,200mg,60,Air,1,0.15733333333333333,0.0,8.776630098427717,ARV,1.1505720275988207,0,2.1552445050953364,Adult,117,2,620.0,EXW,HETERO LABS LIMITED,8.006700845440367
55304,2015-05-13,0,0,0.2776317365982795,230.0,0.008064516129032258,Vietnam,2,0.0,Generic,0,Direct Drop,0,Efavirenz/Lamivudine/Tenofovir Disoproxil Fumarate,0.004347826086956522,Hetero Unit III Hyderabad IN,No,0,1,Tablet - FDC,117,29.0,2015,5,600/300/300mg,30,Air,1,0.15733333333333333,0.0,11.885860494296775,ARV,2.3513752571634776,0,5.146912912388804,Adult,117,2,620.0,EXW,HETERO LABS LIMITED,9.634627234324935
66264,2015-05-13,0,0,0.2776317365982795,230.0,0.008064516129032258,Vietnam,2,0.0,Generic,0,Direct Drop,0,Efavirenz/Lamivudine/Tenofovir Disoproxil Fumarate,0.004347826086956522,Hetero Unit III Hyderabad IN,Yes,0,1,Tablet - FDC,117,29.0,2015,5,600/300/300mg,30,Air,1,0.15733333333333333,0.0,12.036001742114703,ARV,2.3513752571634776,0,5.2962151584561665,Adult,117,2,620.0,EXW,HETERO LABS LIMITED,9.784760321267326
25323,2015-05-13,0,0,0.039220713153281295,230.0,0.008064516129032258,Vietnam,2,0.0,Generic,0,Direct Drop,0,Nevirapine,0.004347826086956522,Hetero Unit III Hyderabad IN,Yes,0,1,Tablet,113,29.0,2015,5,200mg,60,Air,1,0.15733333333333333,0.0,8.594339400592892,ARV,1.1505720275988207,0,1.9960599327407849,Adult,113,2,620.0,EXW,HETERO LABS LIMITED,7.824445930877619
58744,2015-05-13,0,0,0.2776317365982795,230.0,0.008064516129032258,Vietnam,2,0.0,Generic,0,Direct Drop,0,Efavirenz/Lamivudine/Tenofovir Disoproxil Fumarate,0.004347826086956522,Hetero Unit III Hyderabad IN,Yes,0,1,Tablet - FDC,117,29.0,2015,5,600/300/300mg,30,Air,1,0.15733333333333333,0.0,12.036001742114703,ARV,2.3513752571634776,0,5.2962151584561665,Adult,117,2,620.0,EXW,HETERO LABS LIMITED,9.784760321267326
42190,2015-05-13,0,0,0.0295588022415444,230.0,0.008064516129032258,Vietnam,2,0.0,Generic,0,Direct Drop,0,Lamivudine,0.004347826086956522,Hetero Unit III Hyderabad IN,Yes,0,1,Tablet,117,29.0,2015,5,150mg,60,Air,1,0.15733333333333333,0.0,9.163353580751846,ARV,1.0296194171811583,0,2.503891949699081,Adult,117,2,620.0,EXW,HETERO LABS LIMITED,8.575650760987806
29616,2015-05-13,0,0,0.2776317365982795,230.0,0.008064516129032258,Vietnam,2,0.0,Generic,0,Direct Drop,0,Efavirenz/Lamivudine/Tenofovir Disoproxil Fumarate,0.004347826086956522,Hetero Unit III Hyderabad IN,Yes,0,1,Tablet - FDC,113,29.0,2015,5,600/300/300mg,30,Air,1,0.15733333333333333,0.0,12.046754470501183,ARV,2.3513752571634776,0,5.306930169646259,Adult,113,2,620.0,EXW,HETERO LABS LIMITED,9.795512510870829
73804,2015-05-13,0,0,0.2776317365982795,230.0,0.008064516129032258,Vietnam,2,0.0,Generic,0,Direct Drop,0,Efavirenz/Lamivudine/Tenofovir Disoproxil Fumarate,0.004347826086956522,Hetero Unit III Hyderabad IN,Yes,0,1,Tablet - FDC,113,29.0,2015,5,600/300/300mg,30,Air,1,0.15733333333333333,0.0,12.036001742114703,ARV,2.3513752571634776,0,5.2962151584561665,Adult,113,2,620.0,EXW,HETERO LABS LIMITED,9.784760321267326
44860,2015-05-13,0,0,0.2776317365982795,230.0,0.008064516129032258,Vietnam,2,0.0,Generic,0,Direct Drop,0,Efavirenz/Lamivudine/Tenofovir Disoproxil Fumarate,0.004347826086956522,Hetero Unit III Hyderabad IN,Yes,0,1,Tablet - FDC,117,29.0,2015,5,600/300/300mg,30,Air,1,0.15733333333333333,0.0,9.945732534129874,ARV,2.3513752571634776,0,3.2406373166497136,Adult,117,2,620.0,EXW,HETERO LABS LIMITED,7.69484807238461
44615,2015-05-13,0,0,0.0295588022415444,230.0,0.008064516129032258,Vietnam,2,0.0,Generic,0,Direct Drop,0,Lamivudine,0.004347826086956522,Hetero Unit III Hyderabad IN,Yes,0,1,Tablet,113,29.0,2015,5,150mg,60,Air,1,0.15733333333333333,0.0,9.236105579862208,ARV,1.0296194171811583,0,2.5710843460290524,Adult,113,2,620.0,EXW,HETERO LABS LIMITED,8.648396877031582
85601,2015-05-14,0,-6,0.058268908123975775,3595.0,0.08,South Sudan,2,-7.0,Generic,0,From RDC,0,Lamivudine/Nevirapine/Zidovudine,0.24339360222531292,"Strides, Bangalore, India.",No,1,0,Chewable/dispersible tablet - FDC,42,-1.0,2015,5,30/50/60mg,60,Air,1,0.1943231441048035,0.0,9.686363348546669,ARV,1.5260563034950494,0,2.9927277645336923,Pediatric,42,3,125.0,N/A - From RDC,SCMS from RDC,8.405591014834934
83342,2015-05-14,0,-6,0.1310282624064041,3595.0,0.08,South Sudan,2,-7.0,Generic,0,From RDC,0,Lamivudine/Nevirapine/Zidovudine,0.24339360222531292,"Cipla, Goa, India",Yes,1,0,Tablet - FDC,42,-1.0,2015,5,150/300/200mg,60,Air,1,0.2247191011235955,0.0,11.924021357084182,ARV,2.209372711271867,0,5.184868674040458,Adult,42,3,125.0,N/A - From RDC,SCMS from RDC,9.83097062169695
24151,2015-05-18,0,0,0.6523251860396903,0.0,0.13025210084033614,Haiti,2,0.0,Isentress,0,Direct Drop,0,Raltegravir,0.14182417861220348,"MSD, Haarlem, NL",Yes,0,1,Tablet,112,75.0,2015,5,400mg,60,Air,1,0.02564102564102564,0.0,10.007892611890918,ARV,4.034240638152395,0,3.3006401266708405,Adult,112,0,476.0,CIP,"MSD LATIN AMERICA SERVICES, S. DE R.L. DE C.V.",5.993961427306569
28333,2015-05-22,0,0,0.5128236264286637,0.0,0.16216216216216217,Nigeria,2,0.0,Determine,0,Direct Drop,0,"HIV 1/2, Determine HIV Kit, without Lancets",0.14180712203776455,"Alere Medical Co., Ltd.",Yes,0,1,Test kit,3,11.0,2015,5,,100,Air,1,0.15274463007159905,-10.0,12.918147683631876,HRDT,4.21582445975981,0,6.1754305843358175,HIV test,3,4,851.0,DDP,ACOUNS NIGERIA LTD,8.717354666338522
46095,2015-05-22,0,0,0.08617769624105233,0.0,0.13025210084033614,Haiti,2,0.0,Stocrin/Sustiva,0,Direct Drop,0,Efavirenz,0.14180712203776455,"MSD, Haarlem, NL",Yes,0,1,Oral solution,96,53.0,2015,5,30mg/ml,180,Air,1,0.02564102564102564,0.0,8.871252718131148,ARV,2.8881470628740535,0,2.238579763018133,Pediatric,96,4,476.0,CIP,"MSD LATIN AMERICA SERVICES, S. DE R.L. DE C.V.",6.042632833682381
26800,2015-05-26,0,-5,0.636576829071551,686.0,0.1619718309859155,Nigeria,2,0.0,Determine,1,Direct Drop,0,"HIV 1/2, Determine Complete HIV Kit",0.12536443148688048,"Alere Medical Co., Ltd.",Yes,0,1,Test kit,49,19.0,2015,5,,100,Air,1,0.1523809523809524,-10.0,13.251440614991951,HRDT,4.499809670330265,0,6.508143009549208,HIV test,49,1,852.0,EXW,"Orgenics, Ltd",8.762958920766726
79424,2015-05-26,0,0,0.9555114450274363,105.0,0.1619718309859155,Nigeria,2,0.0,Stat-Pak,0,Direct Drop,0,"HIV 1/2, Stat-Pak HIV, Kit",0.009523809523809525,Chembio Diagnostics Sys. Inc.,Yes,0,1,Test kit,73,19.0,2015,5,,20,Air,1,0.008695652173913044,-10.0,10.820757804523783,HRDT,3.4965075614664802,0,4.0928434360958335,HIV test,73,1,852.0,EXW,"CHEMBIO DIAGNOSTIC SYSTEMS, INC.",7.355641102974253
28439,2015-05-26,0,0,0.636576829071551,686.0,0.1619718309859155,Nigeria,2,0.0,Determine,1,Direct Drop,0,"HIV 1/2, Determine Complete HIV Kit",0.12536443148688048,"Alere Medical Co., Ltd.",Yes,0,1,Test kit,49,19.0,2015,5,,100,Air,1,0.1523809523809524,-10.0,13.249561507190906,HRDT,4.499809670330265,0,6.5062622716263725,HIV test,49,1,852.0,EXW,"Orgenics, Ltd",8.761080103868347
59258,2015-05-26,0,-5,0.636576829071551,686.0,0.1619718309859155,Nigeria,2,0.0,Determine,1,Direct Drop,0,"HIV 1/2, Determine Complete HIV Kit",0.12536443148688048,"Alere Medical Co., Ltd.",Yes,0,1,Test kit,49,19.0,2015,5,,100,Air,1,0.1523809523809524,-10.0,13.271727764040175,HRDT,4.499809670330265,0,6.528396417958452,HIV test,49,1,852.0,EXW,"Orgenics, Ltd",8.783242963740905
56057,2015-05-26,0,0,0.636576829071551,686.0,0.1619718309859155,Nigeria,2,0.0,Determine,1,Direct Drop,0,"HIV 1/2, Determine Complete HIV Kit",0.12536443148688048,"Alere Medical Co., Ltd.",Yes,0,1,Test kit,49,19.0,2015,5,,100,Air,1,0.1523809523809524,-10.0,13.25081463798144,HRDT,4.499809670330265,0,6.507516489845554,HIV test,49,1,852.0,EXW,"Orgenics, Ltd",8.762333040602343
31847,2015-05-27,0,0,0.058268908123975775,219.0,0.1042830540037244,South Africa,2,0.0,Norvir,0,Direct Drop,0,Ritonavir,0.0,ABBVIE (Abbott) France,Yes,0,1,Oral solution,0,96.0,2015,5,80mg/ml,90,Truck,1,0.0,0.0,1.7867469274045107,ARV,1.7867469274045107,0,0.009950330853168083,Pediatric,0,2,1074.0,DDP,PHARMACY DIRECT,0.6931471805599453
32986,2015-05-27,0,0,0.009950330853168083,230.0,0.12943632567849686,Haiti,2,0.0,Generic,0,Direct Drop,0,Lamivudine,0.004347826086956522,Hetero Unit III Hyderabad IN,Yes,0,1,Oral solution,75,22.0,2015,5,10mg/ml,240,Air,1,0.15657894736842104,0.0,8.162732936100346,ARV,0.9282193027394289,0,1.6351056591826783,Pediatric,75,2,479.0,EXW,HETERO LABS LIMITED,7.737616282857904
83349,2015-05-27,0,-12,0.1310282624064041,3629.0,0.0972972972972973,Rwanda,2,-8.0,Generic,0,From RDC,0,Lamivudine/Nevirapine/Zidovudine,0.24221548635987875,Hetero Unit III Hyderabad IN,Yes,1,0,Tablet - FDC,83,-1.0,2015,5,150/300/200mg,60,Air,1,0.15657894736842104,0.0,9.392302697587676,ARV,2.209372711271867,0,2.716018370751387,Adult,83,2,370.0,N/A - From RDC,SCMS from RDC,7.299797366758161
38510,2015-05-27,0,0,0.12221763272424921,230.0,0.12943632567849686,Haiti,2,0.0,Generic,0,Direct Drop,0,Lamivudine/Nevirapine/Zidovudine,0.004347826086956522,"Hetero, Jadcherla, unit 5, IN",Yes,0,1,Tablet - FDC,78,22.0,2015,5,150/300/200mg,60,Ocean,1,0.1935483870967742,0.0,13.01665302278221,ARV,2.2082744135228043,0,6.273744554645768,Adult,78,2,479.0,EXW,HETERO LABS LIMITED,10.924804744277687
85602,2015-05-27,0,-12,0.1310282624064041,3629.0,0.0972972972972973,Rwanda,2,-8.0,Generic,0,From RDC,0,Lamivudine/Nevirapine/Zidovudine,0.24221548635987875,"Hetero, Jadcherla, unit 5, IN",No,1,0,Tablet - FDC,83,-1.0,2015,5,150/300/200mg,60,Air,1,0.1935483870967742,0.0,11.197869180986698,ARV,2.209372711271867,0,4.464642950851115,Adult,83,2,370.0,N/A - From RDC,SCMS from RDC,9.104868739033948
31324,2015-05-27,0,0,0.2776317365982795,230.0,0.12943632567849686,Haiti,2,0.0,Generic,0,Direct Drop,0,Efavirenz/Lamivudine/Tenofovir Disoproxil Fumarate,0.004347826086956522,Hetero Unit III Hyderabad IN,Yes,0,1,Tablet - FDC,75,22.0,2015,5,600/300/300mg,30,Ocean,1,0.15657894736842104,0.0,13.85360178733699,ARV,2.3513752571634776,0,7.109634334991623,Adult,75,2,479.0,EXW,HETERO LABS LIMITED,11.602318171010516
86211,2015-05-27,1,7,0.11332868530700317,3629.0,0.0972972972972973,Rwanda,2,-8.0,Generic,1,From RDC,1,Tenofovir Disoproxil Fumarate,0.24221548635987875,Mylan (formerly Matrix) Nashik,Yes,1,0,Tablet,83,-1.0,2015,5,300mg,30,Air,1,0.16134185303514376,0.0,7.220922332943935,ARV,1.5151272329628591,0,0.9593502213346021,Adult,83,2,370.0,N/A - From RDC,SCMS from RDC,5.955837369464831
73782,2015-05-27,0,0,0.10436001532424277,230.0,0.12943632567849686,Haiti,2,0.0,Generic,0,Direct Drop,0,Lamivudine/Zidovudine,0.004347826086956522,"Hetero, Jadcherla, unit 5, IN",No,0,1,Tablet - FDC,78,22.0,2015,5,150/300mg,60,Ocean,1,0.1935483870967742,0.0,12.982352984167811,ARV,2.0294631718735947,0,6.239515322128292,Adult,78,2,479.0,EXW,HETERO LABS LIMITED,11.09378223642709
85603,2015-05-27,0,-58,0.07696104113612832,3629.0,0.0972972972972973,Rwanda,2,-8.0,Generic,0,From RDC,0,Abacavir/Lamivudine,0.24221548635987875,"Cipla, Patalganga, India",Yes,1,0,Chewable/dispersible tablet - FDC,126,-1.0,2015,5,60/30mg,60,Air,1,0.16129032258064516,0.0,11.889215626488173,ARV,1.8066480817218056,0,5.1502233083033095,Pediatric,126,2,370.0,N/A - From RDC,SCMS from RDC,10.261965869419956
38308,2015-05-29,0,0,0.039220713153281295,635.0,0.12916666666666668,Haiti,2,0.0,Generic,1,Direct Drop,1,Nevirapine,0.14803149606299212,"Aurobindo Unit III, India",Yes,0,1,Chewable/dispersible tablet,34,24.0,2015,5,50mg,30,Air,1,0.18558558558558558,0.0,7.965458763806616,ARV,0.8109302162163288,0,1.47932922708708,Pediatric,34,4,480.0,EXW,Aurobindo Pharma Limited,7.742402021815782
28282,2015-05-29,0,0,0.09531017980432487,325.0,0.09375,Cameroon,2,0.0,Generic,1,Direct Drop,1,Lopinavir/Ritonavir,0.012307692307692308,ABBVIE Ludwigshafen Germany,Yes,0,1,Tablet,54,31.0,2015,5,100/25mg,60,Air,1,0.08080808080808081,0.0,10.864235264358811,ARV,1.937301774518713,0,4.135486505553276,Pediatric,54,4,64.0,FCA,ABBVIE LOGISTICS (FORMERLY ABBOTT LOGISTICS BV),9.082620630373812
57905,2015-06-02,0,0,0.3852624007906449,220.0,0.10418604651162791,South Africa,2,0.0,Generic,0,Direct Drop,0,Didanosine,0.0,"Aurobindo Unit III, India",No,0,1,Delayed-release capsules,0,264.0,2015,6,400mg,30,Truck,1,0.18558558558558558,0.0,4.457945466231566,ARV,2.7226103524335397,0,0.08617769624105233,Adult,0,1,1075.0,DDP,PHARMACY DIRECT,1.9459101490553132
48729,2015-06-02,0,0,0.1906203596086497,220.0,0.10418604651162791,South Africa,2,0.0,Intelence,0,Direct Drop,0,Etravirine,0.0,"Janssen-Cilag, Latina, IT",Yes,0,1,Tablet,0,264.0,2015,6,100mg,120,Truck,1,0.0,0.0,3.2805352052549286,ARV,3.2805352052549286,0,0.0295588022415444,Adult,0,1,1075.0,DDP,PHARMACY DIRECT,0.6931471805599453
40070,2015-06-02,0,0,0.6043159668533296,220.0,0.10418604651162791,South Africa,2,0.0,Generic,0,Direct Drop,0,Abacavir,0.0,"Aurobindo Unit III, India",No,0,1,Tablet,0,264.0,2015,6,300mg,60,Truck,1,0.18558558558558558,0.0,7.343691394505391,ARV,3.928880122494569,0,0.9516578757114464,Adult,0,1,1075.0,DDP,PHARMACY DIRECT,3.4657359027997265
40136,2015-06-02,0,0,0.173953307123438,220.0,0.10418604651162791,South Africa,2,0.0,Generic,0,Direct Drop,0,Efavirenz,0.0,"Aurobindo Unit III, India",No,0,1,Capsule,0,264.0,2015,6,200mg,90,Truck,1,0.18558558558558558,0.0,4.922532412541283,ARV,2.8925915146344776,0,0.1310282624064041,Pediatric,0,1,1075.0,DDP,PHARMACY DIRECT,2.1972245773362196
61697,2015-06-02,0,0,0.26236426446749106,220.0,0.10418604651162791,South Africa,2,0.0,Generic,0,Direct Drop,0,Zidovudine,0.0,"Aurobindo Unit III, India",No,0,1,Tablet,0,264.0,2015,6,300mg,60,Truck,1,0.18558558558558558,0.0,4.845917871250658,ARV,2.946016681308058,0,0.12221763272424921,Adult,0,1,1075.0,DDP,PHARMACY DIRECT,2.0794415416798357
74273,2015-06-02,0,0,0.1906203596086497,220.0,0.10418604651162791,South Africa,2,0.0,Generic,0,Direct Drop,0,Nevirapine,0.0,"Aurobindo Unit III, India",No,0,1,Tablet,0,264.0,2015,6,200mg,60,Truck,1,0.18558558558558558,0.0,5.49986949161877,ARV,2.626116818339524,0,0.22314355131420976,Adult,0,1,1075.0,DDP,PHARMACY DIRECT,2.995732273553991
56919,2015-06-02,0,0,0.3074846997479606,220.0,0.10418604651162791,South Africa,2,0.0,Generic,0,Direct Drop,0,Lamivudine/Zidovudine,0.0,"Aurobindo Unit III, India",No,0,1,Tablet - FDC,0,264.0,2015,6,150/300mg,60,Truck,1,0.18558558558558558,0.0,5.707376010166331,ARV,3.110399348532117,0,0.27002713721306015,Adult,0,1,1075.0,DDP,PHARMACY DIRECT,2.70805020110221
56465,2015-06-02,0,0,0.32208349916911333,220.0,0.10418604651162791,South Africa,2,0.0,Generic,0,Direct Drop,0,Efavirenz,0.0,"Aurobindo Unit III, India",No,0,1,Tablet,0,264.0,2015,6,600mg,30,Truck,1,0.18558558558558558,0.0,6.061969607993336,ARV,2.50715725872282,0,0.36464311358790924,Adult,0,1,1075.0,DDP,PHARMACY DIRECT,3.6635616461296463
76881,2015-06-02,0,0,0.039220713153281295,635.0,0.09375,Cameroon,2,0.0,Generic,0,Direct Drop,0,Nevirapine,0.14803149606299212,"Aurobindo Unit III, India",Yes,0,1,Chewable/dispersible tablet,15,35.0,2015,6,50mg,30,Air,1,0.18558558558558558,0.0,8.616314282284044,ARV,0.8109302162163288,0,2.0149030205422647,Pediatric,15,1,64.0,EXW,Aurobindo Pharma Limited,8.393216011596527
18538,2015-06-02,0,0,0.31481073984003355,220.0,0.10418604651162791,South Africa,2,0.0,Generic,0,Direct Drop,0,Didanosine,0.0,"Aurobindo Unit III, India",Yes,0,1,Delayed-release capsules,0,264.0,2015,6,250mg,30,Truck,1,0.18558558558558558,0.0,3.808216836702557,ARV,2.4865719291070616,0,0.04879016416943201,Adult,0,1,1075.0,DDP,PHARMACY DIRECT,1.6094379124341003
62549,2015-06-02,0,0,0.10436001532424277,220.0,0.10418604651162791,South Africa,2,0.0,Generic,0,Direct Drop,0,Lamivudine,0.0,"Aurobindo Unit III, India",No,0,1,Tablet,0,264.0,2015,6,150mg,60,Truck,1,0.18558558558558558,0.0,5.842123117608619,ARV,2.0294631718735947,0,0.30010459245033805,Adult,0,1,1075.0,DDP,PHARMACY DIRECT,3.970291913552122
69572,2015-06-02,0,0,0.5007752879124893,302.0,0.09375,Cameroon,2,0.0,Generic,1,Direct Drop,1,Atazanavir/Ritonavir,0.0033112582781456954,Mylan (formerly Matrix) Nashik,Yes,0,1,Tablet,46,35.0,2015,6,300/100mg,30,Air,1,0.160828025477707,0.0,11.839397869513109,ARV,3.0204248861443626,0,5.100719722201566,Adult,46,1,64.0,EXW,MYLAN LABORATORIES LTD (FORMERLY MATRIX LABORATORIES),8.869116865929483
37087,2015-06-02,0,0,0.3784364357202451,220.0,0.10418604651162791,South Africa,2,0.0,Generic,0,Direct Drop,0,Tenofovir Disoproxil Fumarate,0.0,Mylan (formerly Matrix) Nashik,No,0,1,Tablet,0,264.0,2015,6,300mg,30,Truck,1,0.160828025477707,0.0,5.806940566758827,ARV,2.695977619867941,0,0.29266961396282004,Adult,0,1,1075.0,DDP,PHARMACY DIRECT,3.2188758248682006
48906,2015-06-02,0,0,0.5481214085096876,220.0,0.10418604651162791,South Africa,2,0.0,Generic,0,Direct Drop,0,Emtricitabine/Tenofovir Disoproxil Fumarate,0.0,"Aurobindo Unit III, India",No,0,1,Tablet - FDC,0,264.0,2015,6,200/300mg,30,Truck,1,0.18558558558558558,0.0,5.651787179537821,ARV,3.1280754605417043,0,0.25464221837358075,Adult,0,1,1075.0,DDP,PHARMACY DIRECT,2.6390573296152584
76766,2015-06-16,0,0,0.5877866649021191,703.0,0.2304147465437788,Zambia,2,0.0,Determine,0,Direct Drop,0,"HIV 1/2, Determine Complete HIV Kit",0.12233285917496443,"Alere Medical Co., Ltd.",Yes,0,1,Test kit,51,54.0,2015,6,,100,Air,1,0.14645308924485126,0.0,10.65492722584759,HRDT,4.394449154672439,0,3.929862923556477,HIV test,51,1,434.0,EXW,"Orgenics, Ltd",6.274762021241939
62169,2015-06-16,0,0,0.9555114450274363,323.0,0.2304147465437788,Zambia,2,0.0,Uni-Gold,0,Direct Drop,0,"HIV 1/2, Uni-Gold HIV Kit",0.0030959752321981426,"Trinity Biotech, Plc",Yes,0,1,Test kit,45,54.0,2015,6,,20,Air,1,0.003048780487804878,0.0,9.837401167408268,HRDT,3.4965075614664802,0,3.136797713832594,HIV test,45,1,434.0,EXW,"Trinity Biotech, Plc",6.373319789577012
15825,2015-06-25,0,0,0.9555114450274363,324.0,0.15647921760391198,Tanzania,2,0.0,Uni-Gold,0,Direct Drop,0,"HIV 1/2, Uni-Gold HIV Kit",0.0030864197530864196,"Trinity Biotech, Plc",Yes,0,1,Test kit,60,17.0,2015,6,,20,Air,1,0.00303951367781155,0.0,9.45727857185611,HRDT,3.4965075614664802,0,2.776954179749421,HIV test,60,3,409.0,EXW,"Trinity Biotech, Plc",5.993961427306569
38843,2015-06-25,0,0,0.5877866649021191,703.0,0.09090909090909091,Cameroon,2,0.0,Determine,0,Direct Drop,0,"HIV 1/2, Determine Complete HIV Kit",0.12233285917496443,"Alere Medical Co., Ltd.",Yes,0,1,Test kit,47,16.0,2015,6,,100,Air,1,0.14645308924485126,0.0,9.169622538697624,HRDT,4.394449154672439,0,2.509599262378372,HIV test,47,3,66.0,EXW,"Orgenics, Ltd",4.795790545596741
34140,2015-06-25,0,0,0.5877866649021191,703.0,0.15647921760391198,Tanzania,2,0.0,Determine,0,Direct Drop,0,"HIV 1/2, Determine Complete HIV Kit",0.12233285917496443,"Alere Medical Co., Ltd.",Yes,0,1,Test kit,60,17.0,2015,6,,100,Air,1,0.14645308924485126,0.0,11.931642378754141,HRDT,4.394449154672439,0,5.192401140956488,HIV test,60,3,409.0,EXW,"Orgenics, Ltd",7.550135342488429
51608,2015-06-25,0,0,1.5040773967762742,49.0,0.09090909090909091,Cameroon,2,0.0,OraQuick,0,Direct Drop,0,"HIV 1/2, OraQuick Advance HIV Rapid Antibody Kit",0.02040816326530612,"Pacific Biotech, Thailand",Yes,0,1,Test kit,28,16.0,2015,6,,100,Air,1,0.030303030303030304,0.0,9.076923258535832,HRDT,5.860786223465865,0,2.424802725718295,HIV test,28,3,66.0,EXW,Orasure Technologies Inc.,3.258096538021482
83922,2015-06-29,1,9,0.14842000511827327,3675.0,0.08955223880597014,Cameroon,2,-8.0,Generic,1,From RDC,1,Lopinavir/Ritonavir,0.2416326530612245,"Aurobindo Unit III, India",Yes,1,0,Tablet,42,-1.0,2015,6,200/50mg,120,Air,1,0.18442256042972247,0.0,12.355875315017018,ARV,3.013572191682322,0,5.61473265782269,Adult,42,0,67.0,N/A - From RDC,SCMS from RDC,9.392745258631441
86822,2015-07-01,0,-36,0.10436001532424277,3676.0,0.17906976744186046,Zimbabwe,3,-8.0,Generic,1,From RDC,0,Lamivudine/Zidovudine,0.24156692056583243,Mylan (formerly Matrix) Nashik,Yes,1,0,Tablet - FDC,70,-1.0,2015,7,150/300mg,60,Truck,1,0.1607565011820331,-1.0,11.642837314946439,ARV,2.017566137961748,0,4.905496975972951,Adult,70,2,430.0,N/A - From RDC,SCMS from RDC,9.768011412973678
48261,2015-07-07,0,0,0.09531017980432487,328.0,0.0962566844919786,Rwanda,3,0.0,Kaletra,0,Direct Drop,0,Lopinavir/Ritonavir,0.012195121951219513,ABBVIE (Abbott) Logis. UK,Yes,0,1,Oral solution,45,22.0,2015,7,80/20mg/ml,300,Air,1,0.024390243902439025,0.0,9.28618968425962,ARV,3.4600950229096408,0,2.617395832834079,Pediatric,45,1,374.0,FCA,ABBVIE LOGISTICS (FORMERLY ABBOTT LOGISTICS BV),5.860786223465865
83932,2015-07-07,0,-13,0.058268908123975775,3679.0,0.0962566844919786,Rwanda,3,-8.0,Generic,0,From RDC,0,Lamivudine/Nevirapine/Zidovudine,0.24218537646099483,"Strides, Bangalore, India.",Yes,1,0,Chewable/dispersible tablet - FDC,63,-1.0,2015,7,30/50/60mg,60,Air,1,0.1932059447983015,0.0,9.400911143578508,ARV,1.5151272329628591,0,2.7239235502585,Pediatric,63,1,374.0,N/A - From RDC,SCMS from RDC,8.134174272137903
83930,2015-07-07,0,-33,0.36464311358790924,3679.0,0.16091954022988506,Nigeria,3,-8.0,Generic,0,From RDC,0,Abacavir/Lamivudine,0.24218537646099483,Mylan (formerly Matrix) Nashik,Yes,1,0,Tablet - FDC,85,-1.0,2015,7,600/300mg,30,Air,1,0.16012558869701726,-10.0,11.095571210219646,ARV,2.6468837658647226,0,4.363608049149864,Adult,85,1,870.0,N/A - From RDC,SCMS from RDC,8.522379718103538
82819,2015-07-07,0,-125,0.08617769624105233,3679.0,0.16091954022988506,Nigeria,3,-8.0,Generic,0,From RDC,0,Zidovudine,0.24218537646099483,"Aurobindo Unit III, India",Yes,1,0,Tablet,177,-1.0,2015,7,300mg,60,Air,1,0.18470483005366725,-10.0,10.325282926395671,ARV,1.8453002361560848,0,3.607940511608584,Adult,177,1,870.0,N/A - From RDC,SCMS from RDC,8.652073673610056
86216,2015-07-07,0,-13,0.09531017980432487,3679.0,0.0962566844919786,Rwanda,3,-8.0,Generic,0,From RDC,0,Efavirenz,0.24218537646099483,"Strides, Bangalore, India.",No,1,0,Tablet,63,-1.0,2015,7,200mg,90,Air,1,0.1932059447983015,0.0,10.027349849757085,ARV,2.33214389523559,0,3.319263998899469,Pediatric,63,1,374.0,N/A - From RDC,SCMS from RDC,7.79770203551669
82820,2015-07-07,0,-13,0.058268908123975775,3679.0,0.0962566844919786,Rwanda,3,-8.0,Generic,0,From RDC,0,Lamivudine/Nevirapine/Zidovudine,0.24218537646099483,"Mylan,  H-12 & H-13, India",Yes,1,0,Chewable/dispersible tablet - FDC,63,-1.0,2015,7,30/50/60mg,60,Air,1,0.10526315789473684,0.0,9.127241331806468,ARV,1.5151272329628591,0,2.4706386779902956,Pediatric,63,1,374.0,N/A - From RDC,SCMS from RDC,7.860570785538664
47473,2015-07-10,0,0,0.09531017980432487,333.0,0.17906976744186046,Zimbabwe,3,0.0,Kaletra,1,Direct Drop,0,Lopinavir/Ritonavir,0.012012012012012012,ABBVIE (Abbott) Logis. UK,Yes,0,1,Oral solution,41,9.0,2015,7,80/20mg/ml,300,Air,1,0.024390243902439025,-1.0,11.839336831771924,ARV,3.4600950229096408,0,5.100658796743844,Pediatric,41,4,430.0,FCA,ABBVIE LOGISTICS (FORMERLY ABBOTT LOGISTICS BV),8.411388132519262
67248,2015-07-14,0,0,0.058268908123975775,232.0,0.10303587856485741,South Africa,3,0.0,Kaletra,0,Direct Drop,0,Lopinavir/Ritonavir,0.0,ABBVIE (Abbott) Logis. UK,Yes,0,1,Oral solution,0,306.0,2015,7,80/20mg/ml,300,Truck,1,0.024390243902439025,0.0,4.242189689486082,ARV,2.8981194446869907,0,0.06765864847381481,Pediatric,0,1,1087.0,DDP,PHARMACY DIRECT,1.6094379124341003
14437,2015-07-14,0,0,0.058268908123975775,232.0,0.10303587856485741,South Africa,3,0.0,Kaletra,0,Direct Drop,0,Lopinavir/Ritonavir,0.0,ABBVIE (Abbott) Logis. UK,Yes,0,1,Oral solution,0,306.0,2015,7,80/20mg/ml,300,Truck,1,0.024390243902439025,0.0,3.95928819789526,ARV,2.8981194446869907,0,0.04879016416943201,Pediatric,0,1,1087.0,DDP,PHARMACY DIRECT,1.3862943611198906
28160,2015-07-14,0,0,0.058268908123975775,232.0,0.10303587856485741,South Africa,3,0.0,Kaletra,0,Direct Drop,0,Lopinavir/Ritonavir,0.0,ABBVIE (Abbott) Logis. UK,Yes,0,1,Oral solution,0,306.0,2015,7,80/20mg/ml,300,Truck,1,0.024390243902439025,0.0,4.242189689486082,ARV,2.8981194446869907,0,0.06765864847381481,Pediatric,0,1,1087.0,DDP,PHARMACY DIRECT,1.6094379124341003
61852,2015-07-17,0,0,0.6931471805599453,726.0,0.11320754716981132,Guyana,3,0.0,Determine,0,Direct Drop,0,"HIV 1/2, Determine Complete HIV Kit",0.1349862258953168,"Alere Medical Co., Ltd.",Yes,0,1,Test kit,42,23.0,2015,7,,100,Air,1,0.16521739130434782,0.0,10.32551474894327,HRDT,4.61512051684126,0,3.6082115510464816,HIV test,42,4,212.0,EXW,"Orgenics, Ltd",5.723585101952381
27297,2015-07-17,0,0,0.9555114450274363,339.0,0.11320754716981132,Guyana,3,0.0,Uni-Gold,0,Direct Drop,0,"HIV 1/2, Uni-Gold HIV Kit",0.0029498525073746312,"Trinity Biotech, Plc",Yes,0,1,Test kit,42,23.0,2015,7,,20,Air,1,0.0029069767441860465,0.0,10.807240007712178,HRDT,3.4965075614664802,0,4.079569276639947,HIV test,42,4,212.0,EXW,"Trinity Biotech, Plc",7.342131730584722
61436,2015-07-28,0,0,0.09531017980432487,91.0,0.15053763440860216,Uganda,3,0.0,Generic,0,Direct Drop,0,Efavirenz,0.04395604395604396,"Strides, Bangalore, India.",Yes,0,1,Tablet,31,22.0,2015,7,600mg,30,Air,1,0.19491525423728814,0.0,12.178273042489925,ARV,1.423108334242607,0,5.4378184053255945,Adult,31,1,651.0,EXW,STRIDES ARCOLAB LIMITED,11.030881642629689
37076,2015-07-28,0,0,0.10436001532424277,260.0,0.23218390804597702,Zambia,3,0.0,Generic,0,Direct Drop,0,Efavirenz,0.007692307692307693,"Hetero, Jadcherla, unit 5, IN",Yes,0,1,Tablet,21,28.0,2015,7,600mg,30,Air,1,0.21052631578947367,0.0,12.118033467807008,ARV,1.4469189829363254,0,5.377867645306046,Adult,21,1,435.0,EXW,HETERO LABS LIMITED,10.939390756737573
33314,2015-08-04,0,0,0.07696104113612832,171.0,0.1598173515981735,Nigeria,3,0.0,Generic,0,Direct Drop,0,Abacavir/Lamivudine,0.13450292397660818,"Cipla, Patalganga, India",Yes,0,1,Chewable/dispersible tablet - FDC,29,28.0,2015,8,60/30mg,60,Air,1,0.14705882352941177,-10.0,11.114624632046082,ARV,1.791759469228055,0,4.382401564378955,Pediatric,29,1,876.0,EXW,CIPLA LIMITED,9.505246289517283
36785,2015-08-04,0,0,0.07696104113612832,171.0,0.1598173515981735,Nigeria,3,0.0,Generic,0,Direct Drop,0,Abacavir/Lamivudine,0.13450292397660818,"Cipla, Patalganga, India",Yes,0,1,Chewable/dispersible tablet - FDC,29,28.0,2015,8,60/30mg,60,Air,1,0.14705882352941177,-10.0,10.37726530082638,ARV,1.791759469228055,0,3.658677945380815,Pediatric,29,1,876.0,EXW,CIPLA LIMITED,8.76795190976342
82159,2015-08-04,0,0,0.07696104113612832,171.0,0.1598173515981735,Nigeria,3,0.0,Generic,0,Direct Drop,0,Abacavir,0.13450292397660818,"Cipla, Patalganga, India",Yes,0,1,Chewable/dispersible tablet,27,28.0,2015,8,60mg,60,Air,1,0.14705882352941177,-10.0,8.188966863648876,ARV,1.7047480922384253,0,1.6563214983329508,Pediatric,27,1,876.0,EXW,CIPLA LIMITED,6.68586094706836
21988,2015-08-11,0,0,0.058268908123975775,274.0,0.09920283436669619,South Africa,3,0.0,Kaletra,0,Direct Drop,0,Lopinavir/Ritonavir,0.0,ABBVIE (Abbott) Logis. UK,Yes,0,1,Oral solution,0,334.0,2015,8,80/20mg/ml,300,Truck,1,0.023952095808383235,0.0,3.95928819789526,ARV,2.8981194446869907,0,0.04879016416943201,Pediatric,0,1,1129.0,DDP,PHARMACY DIRECT,1.3862943611198906
33719,2015-08-24,0,0,0.019802627296179712,275.0,0.09911504424778761,South Africa,3,0.0,Generic,0,Direct Drop,0,Lamivudine,0.0,"Aurobindo Unit III, India",No,0,1,Oral solution,0,347.0,2015,8,10mg/ml,240,Truck,1,0.18382677861246133,0.0,4.531738907902208,ARV,1.8578592709325787,0,0.08617769624105233,Pediatric,0,0,1130.0,DDP,PHARMACY DIRECT,2.8903717578961645
42300,2015-08-24,0,0,0.5766133643039938,275.0,0.09911504424778761,South Africa,3,0.0,Generic,0,Direct Drop,0,Emtricitabine/Tenofovir Disoproxil Fumarate,0.0,"Aurobindo Unit III, India",No,0,1,Tablet - FDC,0,347.0,2015,8,200/300mg,30,Truck,1,0.18382677861246133,0.0,5.461201229449516,ARV,3.1962211343033946,0,0.2151113796169455,Adult,0,0,1130.0,DDP,PHARMACY DIRECT,2.3978952727983707
23727,2015-08-24,0,0,0.3293037471426004,275.0,0.09911504424778761,South Africa,3,0.0,Generic,0,Direct Drop,0,Didanosine,0.0,"Aurobindo Unit III, India",Yes,0,1,Delayed-release capsules,0,347.0,2015,8,250mg,30,Truck,1,0.18382677861246133,0.0,4.277082698901271,ARV,2.552565298261815,0,0.06765864847381481,Adult,0,0,1130.0,DDP,PHARMACY DIRECT,1.9459101490553132
56464,2015-08-24,0,0,0.412109650826833,275.0,0.09911504424778761,South Africa,3,0.0,Generic,0,Direct Drop,0,Didanosine,0.0,"Aurobindo Unit III, India",No,0,1,Delayed-release capsules,0,347.0,2015,8,400mg,30,Truck,1,0.18382677861246133,0.0,4.813646700258897,ARV,2.7893229212309465,0,0.12221763272424921,Adult,0,0,1130.0,DDP,PHARMACY DIRECT,2.1972245773362196
48102,2015-08-24,0,0,0.6097655716208943,275.0,0.09911504424778761,South Africa,3,0.0,Prezista,0,Direct Drop,0,Darunavir,0.0,"Janssen-Cilag, Latina, IT",Yes,0,1,Tablet,0,347.0,2015,8,600mg,60,Truck,1,0.0,0.0,6.816626345571035,ARV,3.9446837876676946,0,0.6626879730752367,Adult,0,0,1130.0,DDP,PHARMACY DIRECT,2.9444389791664403
82025,2015-08-24,0,0,0.11332868530700317,275.0,0.09911504424778761,South Africa,3,0.0,Generic,0,Direct Drop,0,Lamivudine,0.0,"Aurobindo Unit III, India",No,0,1,Tablet,0,347.0,2015,8,150mg,60,Truck,1,0.18382677861246133,0.0,6.539672657061303,ARV,2.085672091430472,0,0.5364933705145685,Adult,0,0,1130.0,DDP,PHARMACY DIRECT,4.59511985013459
67925,2015-08-24,0,0,0.20701416938432612,275.0,0.09911504424778761,South Africa,3,0.0,Generic,0,Direct Drop,0,Nevirapine,0.0,"Aurobindo Unit III, India",No,0,1,Tablet,0,347.0,2015,8,200mg,60,Truck,1,0.18382677861246133,0.0,5.514557141545452,ARV,2.6905648867611904,0,0.22314355131420976,Adult,0,0,1130.0,DDP,PHARMACY DIRECT,2.9444389791664403
60866,2015-08-24,0,0,0.20701416938432612,275.0,0.09911504424778761,South Africa,3,0.0,Intelence,0,Direct Drop,0,Etravirine,0.0,"Janssen-Cilag, Latina, IT",No,0,1,Tablet,0,347.0,2015,8,100mg,120,Truck,1,0.0,0.0,6.207039528922239,ARV,3.3502549029245805,0,0.412109650826833,Adult,0,0,1130.0,DDP,PHARMACY DIRECT,2.9444389791664403
42667,2015-08-24,0,0,0.636576829071551,275.0,0.09911504424778761,South Africa,3,0.0,Generic,0,Direct Drop,0,Abacavir,0.0,"Aurobindo Unit III, India",No,0,1,Tablet,0,347.0,2015,8,300mg,60,Truck,1,0.18382677861246133,0.0,8.229623112692925,ARV,3.9993010135352067,0,1.5789787049493917,Adult,0,0,1130.0,DDP,PHARMACY DIRECT,4.2626798770413155
25141,2015-08-24,0,0,0.07696104113612832,275.0,0.09911504424778761,South Africa,3,0.0,Generic,0,Direct Drop,0,Abacavir,0.0,"Aurobindo Unit III, India",No,0,1,Oral solution,0,347.0,2015,8,20mg/ml,240,Truck,1,0.18382677861246133,0.0,5.780681785491992,ARV,2.995732273553991,0,0.2851789422336624,Pediatric,0,0,1130.0,DDP,PHARMACY DIRECT,2.8903717578961645
35977,2015-08-24,0,0,0.18232155679395465,275.0,0.09911504424778761,South Africa,3,0.0,Generic,0,Direct Drop,0,Efavirenz,0.0,"Aurobindo Unit III, India",No,0,1,Capsule,0,347.0,2015,8,200mg,90,Truck,1,0.18382677861246133,0.0,6.432119820716733,ARV,2.9575110607337933,0,0.49469624183610705,Pediatric,0,0,1130.0,DDP,PHARMACY DIRECT,3.5553480614894135
49535,2015-08-24,0,0,0.7419373447293773,275.0,0.09911504424778761,South Africa,3,0.0,Isentress,0,Direct Drop,0,Raltegravir,0.0,"MSD, Haarlem, NL",No,0,1,Tablet,0,347.0,2015,8,400mg,60,Truck,1,0.023809523809523808,0.0,6.672070919423591,ARV,4.200954297280359,0,0.5933268452777344,Adult,0,0,1130.0,DDP,PHARMACY DIRECT,2.5649493574615367
67526,2015-08-24,0,0,0.2776317365982795,275.0,0.09911504424778761,South Africa,3,0.0,Generic,0,Direct Drop,0,Zidovudine,0.0,"Aurobindo Unit III, India",No,0,1,Tablet,0,347.0,2015,8,300mg,60,Truck,1,0.18382677861246133,0.0,5.604256755270649,ARV,3.012097627640255,0,0.2468600779315258,Adult,0,0,1130.0,DDP,PHARMACY DIRECT,2.70805020110221
26117,2015-08-24,0,0,0.32208349916911333,275.0,0.09911504424778761,South Africa,3,0.0,Generic,0,Direct Drop,0,Lamivudine/Zidovudine,0.0,"Aurobindo Unit III, India",No,0,1,Tablet - FDC,0,347.0,2015,8,150/300mg,60,Truck,1,0.18382677861246133,0.0,6.315213325596156,ARV,3.1780538303479458,0,0.4510756193602167,Adult,0,0,1130.0,DDP,PHARMACY DIRECT,3.2188758248682006
41603,2015-08-24,0,0,0.33647223662121295,275.0,0.09911504424778761,South Africa,3,0.0,Generic,0,Direct Drop,0,Efavirenz,0.0,"Aurobindo Unit III, India",No,0,1,Tablet,0,347.0,2015,8,600mg,30,Truck,1,0.18382677861246133,0.0,6.1583551568713935,ARV,2.5718485799218085,0,0.3920420877760237,Adult,0,0,1130.0,DDP,PHARMACY DIRECT,3.6888794541139363
47084,2015-08-24,0,0,0.4054651081081644,275.0,0.09911504424778761,South Africa,3,0.0,Generic,0,Direct Drop,0,Tenofovir Disoproxil Fumarate,0.0,Mylan (formerly Matrix) Nashik,No,0,1,Tablet,0,347.0,2015,8,300mg,30,Truck,1,0.1613653995345229,0.0,6.101596162944665,ARV,2.7631695003232895,0,0.3784364357202451,Adult,0,0,1130.0,DDP,PHARMACY DIRECT,3.4339872044851463
